customer_id,company_name,company_size,industry,subscription_tier,monthly_revenue,onboarding_date,contract_length_months
CUST_0001,Company_1,small,Retail,Starter,500,2023-09-06,8
CUST_0002,Company_2,large,SaaS,Starter,500,2023-02-22,10
CUST_0003,Company_3,medium,Healthcare,Starter,500,2023-10-27,8
CUST_0004,Company_4,medium,Healthcare,Starter,500,2023-08-16,12
CUST_0005,Company_5,small,Finance,Starter,500,2024-05-09,11
CUST_0006,Company_6,small,Retail,Professional,2500,2024-03-18,20
CUST_0007,Company_7,small,Other,Starter,500,2023-09-24,11
CUST_0008,Company_8,large,Other,Professional,2500,2023-06-09,16
CUST_0009,Company_9,medium,Finance,Starter,500,2024-12-22,7
CUST_0010,Company_10,medium,SaaS,Professional,2500,2023-11-28,18
CUST_0011,Company_11,small,Other,Enterprise,10000,2024-05-17,24
CUST_0012,Company_12,large,Retail,Professional,2500,2023-04-13,23
CUST_0013,Company_13,medium,SaaS,Professional,2500,2023-12-21,18
CUST_0014,Company_14,small,Other,Starter,500,2023-01-21,8
CUST_0015,Company_15,small,Other,Starter,500,2024-01-04,11
CUST_0016,Company_16,small,Healthcare,Professional,2500,2024-12-04,20
CUST_0017,Company_17,small,Healthcare,Enterprise,10000,2023-10-08,29
CUST_0018,Company_18,medium,Finance,Professional,2500,2023-01-29,20
CUST_0019,Company_19,small,SaaS,Professional,2500,2023-01-23,24
CUST_0020,Company_20,small,Finance,Professional,2500,2023-10-11,16
CUST_0021,Company_21,medium,Retail,Starter,500,2023-04-27,12
CUST_0022,Company_22,small,SaaS,Starter,500,2023-01-18,10
CUST_0023,Company_23,small,Finance,Professional,2500,2024-07-06,15
CUST_0024,Company_24,small,Finance,Enterprise,10000,2023-12-01,30
CUST_0025,Company_25,small,Healthcare,Starter,500,2023-07-31,10
CUST_0026,Company_26,medium,Other,Professional,2500,2024-10-19,12
CUST_0027,Company_27,small,Finance,Starter,500,2023-03-26,12
CUST_0028,Company_28,medium,Finance,Professional,2500,2024-11-28,19
CUST_0029,Company_29,medium,Retail,Starter,500,2023-08-18,10
CUST_0030,Company_30,small,Finance,Starter,500,2024-10-10,7
CUST_0031,Company_31,medium,SaaS,Professional,2500,2024-03-16,16
CUST_0032,Company_32,small,Finance,Starter,500,2024-08-26,11
CUST_0033,Company_33,small,SaaS,Professional,2500,2024-12-19,23
CUST_0034,Company_34,large,SaaS,Professional,2500,2023-07-30,13
CUST_0035,Company_35,large,Finance,Enterprise,10000,2024-12-02,29
CUST_0036,Company_36,medium,Finance,Starter,500,2023-10-12,11
CUST_0037,Company_37,small,Other,Starter,500,2023-10-09,6
CUST_0038,Company_38,small,Finance,Starter,500,2023-09-06,11
CUST_0039,Company_39,medium,Healthcare,Enterprise,10000,2024-01-31,24
CUST_0040,Company_40,small,Healthcare,Enterprise,10000,2023-04-23,34
CUST_0041,Company_41,small,SaaS,Professional,2500,2024-02-09,21
CUST_0042,Company_42,small,Retail,Professional,2500,2024-01-31,14
CUST_0043,Company_43,small,SaaS,Professional,2500,2024-07-10,21
CUST_0044,Company_44,large,Other,Professional,2500,2024-08-31,21
CUST_0045,Company_45,small,SaaS,Starter,500,2023-11-18,12
CUST_0046,Company_46,medium,Finance,Professional,2500,2023-08-09,23
CUST_0047,Company_47,small,SaaS,Starter,500,2023-07-09,8
CUST_0048,Company_48,medium,Other,Professional,2500,2023-05-23,15
CUST_0049,Company_49,medium,Healthcare,Professional,2500,2023-02-12,13
CUST_0050,Company_50,small,Healthcare,Professional,2500,2023-09-07,20
CUST_0051,Company_51,large,SaaS,Starter,500,2023-07-17,7
CUST_0052,Company_52,medium,Retail,Starter,500,2024-12-06,9
CUST_0053,Company_53,large,SaaS,Starter,500,2024-02-12,8
CUST_0054,Company_54,large,Other,Starter,500,2023-09-11,11
CUST_0055,Company_55,medium,SaaS,Starter,500,2024-02-28,12
CUST_0056,Company_56,large,SaaS,Enterprise,10000,2023-04-12,30
CUST_0057,Company_57,small,SaaS,Professional,2500,2023-11-21,17
CUST_0058,Company_58,small,Finance,Starter,500,2024-04-02,12
CUST_0059,Company_59,small,Healthcare,Starter,500,2023-12-23,8
CUST_0060,Company_60,small,SaaS,Starter,500,2023-10-21,11
CUST_0061,Company_61,small,Retail,Professional,2500,2024-12-26,23
CUST_0062,Company_62,small,Finance,Professional,2500,2024-10-04,19
CUST_0063,Company_63,medium,Healthcare,Enterprise,10000,2024-03-31,31
CUST_0064,Company_64,small,Finance,Starter,500,2024-02-20,8
CUST_0065,Company_65,small,Finance,Enterprise,10000,2024-03-29,36
CUST_0066,Company_66,medium,Healthcare,Enterprise,10000,2023-05-27,32
CUST_0067,Company_67,small,SaaS,Starter,500,2023-10-16,12
CUST_0068,Company_68,medium,SaaS,Enterprise,10000,2023-01-29,24
CUST_0069,Company_69,small,Other,Starter,500,2023-12-14,11
CUST_0070,Company_70,large,Other,Professional,2500,2024-02-01,12
CUST_0071,Company_71,medium,Finance,Starter,500,2023-06-16,8
CUST_0072,Company_72,small,SaaS,Enterprise,10000,2024-12-04,26
CUST_0073,Company_73,small,Healthcare,Enterprise,10000,2024-10-25,33
CUST_0074,Company_74,medium,Finance,Professional,2500,2024-06-11,19
CUST_0075,Company_75,medium,SaaS,Professional,2500,2024-01-25,21
CUST_0076,Company_76,medium,SaaS,Starter,500,2024-09-27,6
CUST_0077,Company_77,medium,Retail,Starter,500,2023-04-06,10
CUST_0078,Company_78,small,Retail,Starter,500,2024-07-31,7
CUST_0079,Company_79,small,SaaS,Starter,500,2023-04-02,7
CUST_0080,Company_80,small,SaaS,Professional,2500,2024-08-02,14
CUST_0081,Company_81,large,SaaS,Starter,500,2023-07-21,10
CUST_0082,Company_82,medium,Retail,Enterprise,10000,2024-10-02,29
CUST_0083,Company_83,small,SaaS,Professional,2500,2024-11-20,12
CUST_0084,Company_84,small,SaaS,Professional,2500,2023-04-19,13
CUST_0085,Company_85,small,Retail,Starter,500,2023-12-04,10
CUST_0086,Company_86,small,SaaS,Enterprise,10000,2024-12-17,36
CUST_0087,Company_87,medium,Retail,Enterprise,10000,2023-12-19,24
CUST_0088,Company_88,medium,SaaS,Starter,500,2024-09-22,10
CUST_0089,Company_89,large,SaaS,Professional,2500,2024-03-05,24
CUST_0090,Company_90,small,SaaS,Professional,2500,2023-10-01,24
CUST_0091,Company_91,small,Retail,Starter,500,2023-07-28,12
CUST_0092,Company_92,medium,Other,Professional,2500,2023-05-29,19
CUST_0093,Company_93,medium,Retail,Starter,500,2024-07-10,7
CUST_0094,Company_94,medium,Finance,Starter,500,2023-10-10,6
CUST_0095,Company_95,medium,Retail,Starter,500,2024-01-09,12
CUST_0096,Company_96,small,SaaS,Starter,500,2023-12-26,10
CUST_0097,Company_97,medium,SaaS,Starter,500,2024-02-26,10
CUST_0098,Company_98,small,Other,Starter,500,2024-09-23,7
CUST_0099,Company_99,small,SaaS,Enterprise,10000,2024-12-16,24
CUST_0100,Company_100,small,SaaS,Professional,2500,2023-10-25,14
CUST_0101,Company_101,small,SaaS,Enterprise,10000,2024-08-27,30
CUST_0102,Company_102,medium,SaaS,Starter,500,2024-07-12,7
CUST_0103,Company_103,small,SaaS,Starter,500,2024-02-23,6
CUST_0104,Company_104,medium,Healthcare,Professional,2500,2024-11-28,18
CUST_0105,Company_105,large,Finance,Starter,500,2023-05-27,10
CUST_0106,Company_106,small,Other,Starter,500,2023-03-21,6
CUST_0107,Company_107,small,Retail,Professional,2500,2024-09-15,12
CUST_0108,Company_108,medium,Finance,Starter,500,2023-11-17,11
CUST_0109,Company_109,small,SaaS,Professional,2500,2024-09-10,12
CUST_0110,Company_110,small,Finance,Professional,2500,2024-10-13,22
CUST_0111,Company_111,small,Healthcare,Starter,500,2023-02-15,6
CUST_0112,Company_112,small,SaaS,Starter,500,2024-10-06,8
CUST_0113,Company_113,large,Healthcare,Professional,2500,2023-11-24,24
CUST_0114,Company_114,medium,Finance,Starter,500,2024-01-08,8
CUST_0115,Company_115,medium,Healthcare,Starter,500,2024-04-02,12
CUST_0116,Company_116,large,Finance,Enterprise,10000,2024-11-07,36
CUST_0117,Company_117,medium,SaaS,Starter,500,2023-01-14,10
CUST_0118,Company_118,small,Other,Professional,2500,2023-12-15,22
CUST_0119,Company_119,large,Retail,Enterprise,10000,2024-05-17,33
CUST_0120,Company_120,medium,SaaS,Starter,500,2024-06-11,9
CUST_0121,Company_121,medium,Other,Starter,500,2024-05-20,6
CUST_0122,Company_122,large,Finance,Starter,500,2023-04-09,11
CUST_0123,Company_123,small,Other,Starter,500,2023-08-07,9
CUST_0124,Company_124,small,Retail,Starter,500,2023-09-19,6
CUST_0125,Company_125,small,Finance,Professional,2500,2024-08-10,19
CUST_0126,Company_126,small,SaaS,Starter,500,2023-07-23,6
CUST_0127,Company_127,medium,SaaS,Professional,2500,2023-06-03,24
CUST_0128,Company_128,large,Healthcare,Enterprise,10000,2024-11-29,32
CUST_0129,Company_129,small,Healthcare,Professional,2500,2023-01-07,17
CUST_0130,Company_130,medium,SaaS,Professional,2500,2024-12-29,20
CUST_0131,Company_131,small,SaaS,Starter,500,2024-05-09,8
CUST_0132,Company_132,small,Retail,Professional,2500,2024-08-27,23
CUST_0133,Company_133,small,Other,Professional,2500,2023-08-04,14
CUST_0134,Company_134,small,Healthcare,Starter,500,2023-01-11,11
CUST_0135,Company_135,large,SaaS,Starter,500,2024-06-22,6
CUST_0136,Company_136,small,SaaS,Enterprise,10000,2024-08-31,30
CUST_0137,Company_137,medium,SaaS,Starter,500,2024-06-24,11
CUST_0138,Company_138,medium,Other,Starter,500,2023-04-15,10
CUST_0139,Company_139,small,SaaS,Starter,500,2024-07-04,8
CUST_0140,Company_140,large,Healthcare,Starter,500,2024-07-15,8
CUST_0141,Company_141,large,SaaS,Professional,2500,2024-04-25,13
CUST_0142,Company_142,small,Healthcare,Professional,2500,2024-07-13,20
CUST_0143,Company_143,small,Retail,Professional,2500,2024-09-09,24
CUST_0144,Company_144,small,Retail,Starter,500,2024-03-23,12
CUST_0145,Company_145,small,SaaS,Starter,500,2023-03-06,8
CUST_0146,Company_146,small,SaaS,Starter,500,2023-12-22,8
CUST_0147,Company_147,medium,SaaS,Starter,500,2023-02-26,10
CUST_0148,Company_148,medium,Other,Starter,500,2023-10-25,11
CUST_0149,Company_149,small,Other,Professional,2500,2023-10-25,20
CUST_0150,Company_150,small,Healthcare,Starter,500,2023-02-18,7
CUST_0151,Company_151,large,Healthcare,Professional,2500,2023-09-12,14
CUST_0152,Company_152,small,Retail,Starter,500,2023-03-23,7
CUST_0153,Company_153,small,SaaS,Starter,500,2024-08-13,11
CUST_0154,Company_154,small,Other,Starter,500,2024-11-22,11
CUST_0155,Company_155,large,Finance,Enterprise,10000,2023-02-22,35
CUST_0156,Company_156,small,Finance,Professional,2500,2024-11-28,20
CUST_0157,Company_157,medium,Healthcare,Enterprise,10000,2024-01-17,31
CUST_0158,Company_158,medium,SaaS,Starter,500,2023-08-07,9
CUST_0159,Company_159,small,SaaS,Starter,500,2023-02-26,12
CUST_0160,Company_160,medium,Retail,Professional,2500,2024-01-01,23
CUST_0161,Company_161,small,SaaS,Starter,500,2024-08-02,9
CUST_0162,Company_162,medium,Healthcare,Professional,2500,2024-05-31,20
CUST_0163,Company_163,medium,SaaS,Starter,500,2023-02-06,6
CUST_0164,Company_164,medium,Finance,Starter,500,2023-02-23,10
CUST_0165,Company_165,small,SaaS,Starter,500,2023-10-22,7
CUST_0166,Company_166,medium,Finance,Starter,500,2023-08-04,7
CUST_0167,Company_167,small,Retail,Professional,2500,2023-06-19,24
CUST_0168,Company_168,small,SaaS,Starter,500,2023-07-25,10
CUST_0169,Company_169,small,Healthcare,Starter,500,2024-08-09,11
CUST_0170,Company_170,medium,Finance,Starter,500,2024-11-09,12
CUST_0171,Company_171,medium,Retail,Starter,500,2023-10-23,9
CUST_0172,Company_172,small,Other,Professional,2500,2024-10-23,24
CUST_0173,Company_173,medium,Retail,Enterprise,10000,2023-08-23,34
CUST_0174,Company_174,small,SaaS,Enterprise,10000,2023-12-14,33
CUST_0175,Company_175,medium,SaaS,Professional,2500,2023-06-15,24
CUST_0176,Company_176,small,SaaS,Starter,500,2024-04-12,8
CUST_0177,Company_177,medium,Healthcare,Professional,2500,2024-12-15,14
CUST_0178,Company_178,small,SaaS,Starter,500,2024-03-16,8
CUST_0179,Company_179,large,Finance,Starter,500,2023-09-19,11
CUST_0180,Company_180,small,Healthcare,Professional,2500,2024-04-17,19
CUST_0181,Company_181,small,Finance,Starter,500,2023-03-31,8
CUST_0182,Company_182,small,Retail,Enterprise,10000,2024-10-10,30
CUST_0183,Company_183,large,SaaS,Starter,500,2024-01-03,11
CUST_0184,Company_184,large,SaaS,Professional,2500,2023-11-25,15
CUST_0185,Company_185,small,Retail,Professional,2500,2024-03-03,22
CUST_0186,Company_186,medium,Finance,Enterprise,10000,2024-04-01,35
CUST_0187,Company_187,medium,Retail,Professional,2500,2023-02-22,15
CUST_0188,Company_188,medium,Finance,Professional,2500,2024-05-13,22
CUST_0189,Company_189,medium,SaaS,Starter,500,2023-06-26,7
CUST_0190,Company_190,small,Retail,Professional,2500,2024-06-05,22
CUST_0191,Company_191,small,Retail,Starter,500,2024-08-23,8
CUST_0192,Company_192,large,Retail,Professional,2500,2024-08-09,22
CUST_0193,Company_193,large,SaaS,Professional,2500,2024-02-08,13
CUST_0194,Company_194,medium,Healthcare,Professional,2500,2024-01-15,12
CUST_0195,Company_195,small,Finance,Starter,500,2023-04-15,6
CUST_0196,Company_196,small,SaaS,Starter,500,2024-07-20,9
CUST_0197,Company_197,medium,Other,Professional,2500,2023-07-18,23
CUST_0198,Company_198,large,SaaS,Starter,500,2023-12-29,7
CUST_0199,Company_199,large,Other,Starter,500,2023-07-27,10
CUST_0200,Company_200,medium,Finance,Starter,500,2023-04-08,12
CUST_0201,Company_201,medium,SaaS,Enterprise,10000,2024-04-04,32
CUST_0202,Company_202,small,Healthcare,Professional,2500,2023-02-09,15
CUST_0203,Company_203,small,Other,Starter,500,2024-06-30,6
CUST_0204,Company_204,large,Retail,Starter,500,2023-08-20,7
CUST_0205,Company_205,medium,Retail,Starter,500,2023-01-01,7
CUST_0206,Company_206,small,Retail,Professional,2500,2024-01-09,16
CUST_0207,Company_207,small,Retail,Professional,2500,2023-02-04,24
CUST_0208,Company_208,medium,Retail,Starter,500,2023-07-21,11
CUST_0209,Company_209,small,SaaS,Starter,500,2024-05-31,12
CUST_0210,Company_210,small,Finance,Starter,500,2023-02-15,7
CUST_0211,Company_211,medium,SaaS,Professional,2500,2024-09-04,15
CUST_0212,Company_212,medium,Other,Professional,2500,2023-01-03,12
CUST_0213,Company_213,medium,Other,Starter,500,2023-06-30,8
CUST_0214,Company_214,small,SaaS,Starter,500,2024-06-24,10
CUST_0215,Company_215,medium,Retail,Starter,500,2023-08-19,8
CUST_0216,Company_216,small,Other,Enterprise,10000,2023-03-16,35
CUST_0217,Company_217,small,SaaS,Starter,500,2023-09-20,10
CUST_0218,Company_218,medium,Healthcare,Professional,2500,2023-07-17,22
CUST_0219,Company_219,medium,Other,Professional,2500,2024-09-07,18
CUST_0220,Company_220,medium,SaaS,Starter,500,2023-08-17,9
CUST_0221,Company_221,medium,Retail,Starter,500,2024-07-29,6
CUST_0222,Company_222,medium,SaaS,Starter,500,2024-10-13,12
CUST_0223,Company_223,small,Other,Professional,2500,2023-11-13,23
CUST_0224,Company_224,small,Other,Professional,2500,2024-10-26,17
CUST_0225,Company_225,small,Other,Professional,2500,2023-10-03,24
CUST_0226,Company_226,small,Finance,Professional,2500,2024-12-04,21
CUST_0227,Company_227,large,Other,Starter,500,2023-03-07,6
CUST_0228,Company_228,small,Retail,Enterprise,10000,2024-05-16,30
CUST_0229,Company_229,large,Finance,Professional,2500,2023-12-27,14
CUST_0230,Company_230,medium,Retail,Starter,500,2023-10-10,10
CUST_0231,Company_231,medium,SaaS,Enterprise,10000,2024-04-06,33
CUST_0232,Company_232,medium,Healthcare,Professional,2500,2024-05-28,15
CUST_0233,Company_233,medium,SaaS,Professional,2500,2023-01-04,21
CUST_0234,Company_234,small,SaaS,Professional,2500,2023-05-02,16
CUST_0235,Company_235,small,SaaS,Professional,2500,2024-06-04,16
CUST_0236,Company_236,medium,Retail,Professional,2500,2024-05-01,17
CUST_0237,Company_237,small,Finance,Starter,500,2024-12-06,11
CUST_0238,Company_238,small,Retail,Starter,500,2024-07-09,7
CUST_0239,Company_239,medium,SaaS,Enterprise,10000,2024-11-25,35
CUST_0240,Company_240,small,Finance,Starter,500,2024-05-27,7
CUST_0241,Company_241,large,Healthcare,Starter,500,2023-08-06,10
CUST_0242,Company_242,large,Retail,Starter,500,2023-03-18,10
CUST_0243,Company_243,large,Finance,Starter,500,2024-07-24,8
CUST_0244,Company_244,small,Healthcare,Professional,2500,2024-04-15,17
CUST_0245,Company_245,small,Other,Enterprise,10000,2023-02-05,31
CUST_0246,Company_246,large,Healthcare,Starter,500,2023-09-20,8
CUST_0247,Company_247,small,SaaS,Starter,500,2024-11-29,6
CUST_0248,Company_248,large,SaaS,Starter,500,2024-01-01,10
CUST_0249,Company_249,large,Other,Enterprise,10000,2023-11-12,34
CUST_0250,Company_250,large,SaaS,Professional,2500,2023-12-01,13
CUST_0251,Company_251,small,Other,Starter,500,2023-06-02,11
CUST_0252,Company_252,small,Healthcare,Professional,2500,2023-09-27,23
CUST_0253,Company_253,large,Other,Enterprise,10000,2023-09-27,33
CUST_0254,Company_254,small,Retail,Professional,2500,2023-02-08,23
CUST_0255,Company_255,small,Other,Enterprise,10000,2024-07-14,34
CUST_0256,Company_256,medium,Finance,Starter,500,2023-11-01,12
CUST_0257,Company_257,large,Retail,Professional,2500,2024-08-23,12
CUST_0258,Company_258,medium,Finance,Starter,500,2024-09-12,7
CUST_0259,Company_259,medium,Finance,Professional,2500,2023-06-04,13
CUST_0260,Company_260,small,Healthcare,Professional,2500,2024-04-24,13
CUST_0261,Company_261,medium,Other,Professional,2500,2023-12-11,23
CUST_0262,Company_262,large,Other,Professional,2500,2024-10-04,14
CUST_0263,Company_263,small,Retail,Starter,500,2023-06-07,7
CUST_0264,Company_264,medium,Finance,Professional,2500,2024-05-09,18
CUST_0265,Company_265,large,Finance,Enterprise,10000,2024-03-19,25
CUST_0266,Company_266,medium,Retail,Enterprise,10000,2023-08-04,24
CUST_0267,Company_267,medium,SaaS,Starter,500,2023-04-10,11
CUST_0268,Company_268,medium,SaaS,Starter,500,2024-04-20,11
CUST_0269,Company_269,small,Finance,Starter,500,2024-06-23,6
CUST_0270,Company_270,small,SaaS,Professional,2500,2023-08-19,14
CUST_0271,Company_271,medium,SaaS,Professional,2500,2024-04-15,17
CUST_0272,Company_272,medium,SaaS,Starter,500,2023-10-16,8
CUST_0273,Company_273,large,SaaS,Professional,2500,2024-06-04,24
CUST_0274,Company_274,large,SaaS,Professional,2500,2023-05-26,12
CUST_0275,Company_275,medium,Other,Professional,2500,2024-10-11,24
CUST_0276,Company_276,medium,Finance,Professional,2500,2023-07-29,23
CUST_0277,Company_277,medium,Finance,Professional,2500,2023-09-26,16
CUST_0278,Company_278,medium,Retail,Professional,2500,2023-02-12,21
CUST_0279,Company_279,medium,SaaS,Starter,500,2023-03-23,11
CUST_0280,Company_280,medium,Other,Professional,2500,2024-01-12,24
CUST_0281,Company_281,large,Retail,Professional,2500,2023-07-15,22
CUST_0282,Company_282,small,SaaS,Enterprise,10000,2024-09-01,27
CUST_0283,Company_283,small,Finance,Professional,2500,2023-01-11,18
CUST_0284,Company_284,small,Other,Professional,2500,2023-10-04,17
CUST_0285,Company_285,medium,Other,Starter,500,2023-09-04,7
CUST_0286,Company_286,small,Finance,Starter,500,2023-01-15,12
CUST_0287,Company_287,small,Healthcare,Starter,500,2023-04-01,10
CUST_0288,Company_288,medium,SaaS,Starter,500,2023-10-29,12
CUST_0289,Company_289,small,Other,Professional,2500,2023-12-26,15
CUST_0290,Company_290,medium,SaaS,Enterprise,10000,2023-10-23,30
CUST_0291,Company_291,small,Other,Starter,500,2024-01-23,12
CUST_0292,Company_292,small,Healthcare,Starter,500,2024-03-10,11
CUST_0293,Company_293,medium,Healthcare,Professional,2500,2023-01-08,19
CUST_0294,Company_294,small,Healthcare,Starter,500,2023-12-05,9
CUST_0295,Company_295,small,SaaS,Professional,2500,2024-12-04,21
CUST_0296,Company_296,medium,SaaS,Professional,2500,2024-01-14,16
CUST_0297,Company_297,medium,SaaS,Professional,2500,2024-05-09,15
CUST_0298,Company_298,small,SaaS,Starter,500,2023-08-16,9
CUST_0299,Company_299,medium,Retail,Starter,500,2024-07-19,6
CUST_0300,Company_300,small,Finance,Professional,2500,2024-07-18,23
CUST_0301,Company_301,small,SaaS,Professional,2500,2024-01-16,19
CUST_0302,Company_302,medium,Other,Starter,500,2024-12-13,6
CUST_0303,Company_303,medium,Other,Professional,2500,2023-04-02,16
CUST_0304,Company_304,medium,Other,Starter,500,2023-01-13,12
CUST_0305,Company_305,medium,Other,Professional,2500,2024-07-16,17
CUST_0306,Company_306,large,SaaS,Starter,500,2024-08-12,11
CUST_0307,Company_307,medium,Finance,Enterprise,10000,2023-03-29,36
CUST_0308,Company_308,small,Retail,Starter,500,2023-07-13,10
CUST_0309,Company_309,medium,Retail,Starter,500,2023-01-13,8
CUST_0310,Company_310,small,SaaS,Starter,500,2023-08-03,12
CUST_0311,Company_311,small,Retail,Starter,500,2024-07-18,10
CUST_0312,Company_312,small,SaaS,Enterprise,10000,2024-01-14,35
CUST_0313,Company_313,small,SaaS,Enterprise,10000,2023-09-12,31
CUST_0314,Company_314,large,Healthcare,Starter,500,2023-09-29,11
CUST_0315,Company_315,medium,Healthcare,Starter,500,2023-01-01,7
CUST_0316,Company_316,medium,Healthcare,Professional,2500,2023-08-07,17
CUST_0317,Company_317,small,SaaS,Enterprise,10000,2024-04-16,32
CUST_0318,Company_318,small,Other,Professional,2500,2024-12-12,19
CUST_0319,Company_319,small,SaaS,Starter,500,2024-09-10,11
CUST_0320,Company_320,small,SaaS,Starter,500,2023-01-18,8
CUST_0321,Company_321,medium,Other,Professional,2500,2024-10-17,19
CUST_0322,Company_322,medium,Other,Starter,500,2024-07-25,12
CUST_0323,Company_323,medium,Other,Professional,2500,2024-07-23,24
CUST_0324,Company_324,small,Retail,Starter,500,2023-12-01,12
CUST_0325,Company_325,large,Retail,Professional,2500,2023-10-18,19
CUST_0326,Company_326,medium,Healthcare,Starter,500,2023-08-10,10
CUST_0327,Company_327,medium,SaaS,Professional,2500,2023-02-17,17
CUST_0328,Company_328,medium,Finance,Starter,500,2023-06-16,7
CUST_0329,Company_329,small,Finance,Professional,2500,2023-06-30,13
CUST_0330,Company_330,small,SaaS,Starter,500,2023-12-20,8
CUST_0331,Company_331,small,Retail,Professional,2500,2024-06-29,12
CUST_0332,Company_332,medium,Finance,Professional,2500,2023-12-12,17
CUST_0333,Company_333,small,SaaS,Professional,2500,2023-02-12,24
CUST_0334,Company_334,small,SaaS,Professional,2500,2024-11-30,17
CUST_0335,Company_335,small,Retail,Professional,2500,2024-11-19,22
CUST_0336,Company_336,small,SaaS,Professional,2500,2024-07-27,15
CUST_0337,Company_337,large,Other,Starter,500,2024-12-24,9
CUST_0338,Company_338,medium,Finance,Professional,2500,2024-02-02,22
CUST_0339,Company_339,small,Finance,Starter,500,2024-12-03,10
CUST_0340,Company_340,small,Healthcare,Starter,500,2023-02-25,12
CUST_0341,Company_341,small,Retail,Starter,500,2023-09-24,8
CUST_0342,Company_342,small,Finance,Starter,500,2023-06-14,10
CUST_0343,Company_343,small,Retail,Professional,2500,2023-05-23,21
CUST_0344,Company_344,small,Healthcare,Professional,2500,2023-04-13,14
CUST_0345,Company_345,small,SaaS,Professional,2500,2024-03-30,24
CUST_0346,Company_346,medium,Other,Professional,2500,2024-07-24,22
CUST_0347,Company_347,medium,Retail,Starter,500,2024-02-27,8
CUST_0348,Company_348,small,Retail,Starter,500,2023-04-18,12
CUST_0349,Company_349,small,Other,Starter,500,2024-08-15,12
CUST_0350,Company_350,medium,Other,Starter,500,2024-04-09,10
CUST_0351,Company_351,medium,Retail,Starter,500,2023-10-11,10
CUST_0352,Company_352,large,Retail,Starter,500,2024-05-07,6
CUST_0353,Company_353,medium,Retail,Professional,2500,2023-07-09,14
CUST_0354,Company_354,small,Retail,Professional,2500,2023-09-09,15
CUST_0355,Company_355,small,Healthcare,Enterprise,10000,2024-10-31,34
CUST_0356,Company_356,medium,Retail,Enterprise,10000,2023-08-01,34
CUST_0357,Company_357,small,SaaS,Professional,2500,2023-12-10,16
CUST_0358,Company_358,medium,Other,Starter,500,2024-10-11,8
CUST_0359,Company_359,large,Other,Professional,2500,2024-05-31,17
CUST_0360,Company_360,medium,SaaS,Professional,2500,2023-02-15,22
CUST_0361,Company_361,small,Retail,Starter,500,2023-04-18,11
CUST_0362,Company_362,medium,SaaS,Starter,500,2023-01-06,12
CUST_0363,Company_363,small,Finance,Professional,2500,2024-04-05,23
CUST_0364,Company_364,medium,Retail,Starter,500,2023-11-23,10
CUST_0365,Company_365,large,SaaS,Professional,2500,2023-04-09,14
CUST_0366,Company_366,small,Retail,Professional,2500,2024-11-30,17
CUST_0367,Company_367,large,Retail,Starter,500,2024-01-22,11
CUST_0368,Company_368,large,Healthcare,Starter,500,2023-06-26,12
CUST_0369,Company_369,small,SaaS,Starter,500,2024-01-01,11
CUST_0370,Company_370,small,SaaS,Starter,500,2024-05-11,7
CUST_0371,Company_371,small,Healthcare,Starter,500,2023-02-25,6
CUST_0372,Company_372,small,Other,Professional,2500,2023-07-20,15
CUST_0373,Company_373,small,Healthcare,Starter,500,2024-08-12,12
CUST_0374,Company_374,medium,SaaS,Professional,2500,2023-12-02,22
CUST_0375,Company_375,small,Healthcare,Starter,500,2024-02-04,7
CUST_0376,Company_376,small,Healthcare,Enterprise,10000,2023-11-12,26
CUST_0377,Company_377,medium,Retail,Starter,500,2023-02-02,8
CUST_0378,Company_378,small,SaaS,Starter,500,2023-05-01,10
CUST_0379,Company_379,medium,Retail,Enterprise,10000,2023-11-22,28
CUST_0380,Company_380,small,Healthcare,Professional,2500,2023-06-02,24
CUST_0381,Company_381,small,Other,Starter,500,2023-02-06,7
CUST_0382,Company_382,medium,Finance,Professional,2500,2024-09-07,14
CUST_0383,Company_383,medium,Healthcare,Starter,500,2024-12-17,6
CUST_0384,Company_384,large,Other,Starter,500,2024-08-01,9
CUST_0385,Company_385,medium,SaaS,Starter,500,2024-09-15,10
CUST_0386,Company_386,medium,Other,Starter,500,2023-06-26,10
CUST_0387,Company_387,small,Retail,Professional,2500,2024-12-02,14
CUST_0388,Company_388,small,SaaS,Starter,500,2023-05-24,8
CUST_0389,Company_389,medium,Finance,Starter,500,2024-11-25,7
CUST_0390,Company_390,medium,Retail,Professional,2500,2024-12-27,21
CUST_0391,Company_391,large,SaaS,Professional,2500,2024-06-03,24
CUST_0392,Company_392,small,Healthcare,Starter,500,2024-12-17,8
CUST_0393,Company_393,small,Finance,Professional,2500,2024-02-20,20
CUST_0394,Company_394,medium,Healthcare,Starter,500,2023-07-09,9
CUST_0395,Company_395,small,SaaS,Professional,2500,2023-11-16,14
CUST_0396,Company_396,large,Other,Professional,2500,2024-03-09,18
CUST_0397,Company_397,large,Other,Enterprise,10000,2023-02-23,31
CUST_0398,Company_398,small,Other,Starter,500,2024-03-30,8
CUST_0399,Company_399,medium,Retail,Starter,500,2024-12-17,11
CUST_0400,Company_400,medium,SaaS,Starter,500,2023-05-19,7
CUST_0401,Company_401,small,Retail,Starter,500,2024-08-01,12
CUST_0402,Company_402,large,SaaS,Starter,500,2024-10-24,9
CUST_0403,Company_403,medium,SaaS,Enterprise,10000,2024-11-19,28
CUST_0404,Company_404,medium,Finance,Starter,500,2024-12-01,12
CUST_0405,Company_405,small,Finance,Starter,500,2024-01-16,8
CUST_0406,Company_406,large,Retail,Professional,2500,2024-12-14,16
CUST_0407,Company_407,small,Retail,Starter,500,2024-07-06,8
CUST_0408,Company_408,small,Finance,Professional,2500,2023-04-29,16
CUST_0409,Company_409,large,SaaS,Starter,500,2023-12-15,9
CUST_0410,Company_410,small,Other,Starter,500,2024-06-08,7
CUST_0411,Company_411,small,Finance,Starter,500,2023-06-30,9
CUST_0412,Company_412,large,Finance,Starter,500,2024-04-12,11
CUST_0413,Company_413,large,SaaS,Enterprise,10000,2024-05-01,24
CUST_0414,Company_414,medium,Retail,Starter,500,2023-04-29,7
CUST_0415,Company_415,medium,Retail,Professional,2500,2024-02-17,15
CUST_0416,Company_416,small,SaaS,Starter,500,2024-07-17,11
CUST_0417,Company_417,small,SaaS,Starter,500,2023-12-31,6
CUST_0418,Company_418,small,Retail,Enterprise,10000,2023-01-09,34
CUST_0419,Company_419,medium,Retail,Starter,500,2023-01-07,8
CUST_0420,Company_420,medium,SaaS,Professional,2500,2023-09-18,24
CUST_0421,Company_421,medium,Other,Enterprise,10000,2024-11-07,25
CUST_0422,Company_422,medium,SaaS,Professional,2500,2023-06-16,22
CUST_0423,Company_423,small,Finance,Enterprise,10000,2024-04-08,30
CUST_0424,Company_424,small,Other,Starter,500,2023-06-12,11
CUST_0425,Company_425,small,Finance,Starter,500,2023-08-23,7
CUST_0426,Company_426,medium,Healthcare,Starter,500,2024-09-11,12
CUST_0427,Company_427,small,Finance,Professional,2500,2024-06-16,22
CUST_0428,Company_428,large,SaaS,Enterprise,10000,2023-03-11,28
CUST_0429,Company_429,small,Other,Starter,500,2023-11-09,9
CUST_0430,Company_430,small,Finance,Professional,2500,2023-01-22,16
CUST_0431,Company_431,small,Other,Starter,500,2023-12-18,12
CUST_0432,Company_432,medium,SaaS,Professional,2500,2024-04-28,20
CUST_0433,Company_433,medium,SaaS,Starter,500,2023-03-28,8
CUST_0434,Company_434,small,SaaS,Enterprise,10000,2023-07-30,32
CUST_0435,Company_435,small,Retail,Professional,2500,2023-10-18,20
CUST_0436,Company_436,medium,Finance,Starter,500,2024-11-02,11
CUST_0437,Company_437,small,Other,Starter,500,2024-12-26,7
CUST_0438,Company_438,medium,Finance,Starter,500,2023-02-02,11
CUST_0439,Company_439,medium,Other,Starter,500,2024-07-09,8
CUST_0440,Company_440,small,SaaS,Starter,500,2023-09-29,6
CUST_0441,Company_441,small,Other,Enterprise,10000,2023-10-14,30
CUST_0442,Company_442,large,Retail,Professional,2500,2024-07-04,15
CUST_0443,Company_443,small,Retail,Professional,2500,2024-11-01,12
CUST_0444,Company_444,small,Retail,Starter,500,2024-11-25,12
CUST_0445,Company_445,medium,Retail,Enterprise,10000,2024-02-26,31
CUST_0446,Company_446,large,Healthcare,Professional,2500,2023-09-18,23
CUST_0447,Company_447,large,SaaS,Starter,500,2024-07-28,11
CUST_0448,Company_448,medium,SaaS,Professional,2500,2023-07-03,17
CUST_0449,Company_449,small,Other,Professional,2500,2024-02-16,13
CUST_0450,Company_450,small,Healthcare,Starter,500,2023-09-19,12
CUST_0451,Company_451,medium,Retail,Starter,500,2024-04-24,6
CUST_0452,Company_452,medium,Finance,Starter,500,2023-06-25,10
CUST_0453,Company_453,small,SaaS,Starter,500,2023-05-20,11
CUST_0454,Company_454,large,SaaS,Enterprise,10000,2024-11-01,25
CUST_0455,Company_455,small,Retail,Professional,2500,2023-03-16,15
CUST_0456,Company_456,small,Finance,Professional,2500,2024-01-05,13
CUST_0457,Company_457,small,SaaS,Starter,500,2023-06-11,6
CUST_0458,Company_458,small,Finance,Starter,500,2023-01-29,12
CUST_0459,Company_459,small,SaaS,Professional,2500,2023-01-27,22
CUST_0460,Company_460,small,Healthcare,Professional,2500,2023-05-08,22
CUST_0461,Company_461,small,SaaS,Starter,500,2024-09-24,12
CUST_0462,Company_462,medium,Retail,Professional,2500,2023-07-26,23
CUST_0463,Company_463,medium,Finance,Professional,2500,2024-11-24,19
CUST_0464,Company_464,medium,Finance,Starter,500,2024-02-29,11
CUST_0465,Company_465,large,SaaS,Starter,500,2023-11-15,9
CUST_0466,Company_466,small,SaaS,Professional,2500,2024-02-28,17
CUST_0467,Company_467,small,Finance,Starter,500,2024-01-13,8
CUST_0468,Company_468,large,Finance,Starter,500,2024-07-07,9
CUST_0469,Company_469,small,Healthcare,Starter,500,2023-07-26,7
CUST_0470,Company_470,large,SaaS,Starter,500,2023-09-15,11
CUST_0471,Company_471,small,Retail,Professional,2500,2024-10-14,24
CUST_0472,Company_472,large,Other,Professional,2500,2024-11-21,24
CUST_0473,Company_473,small,Retail,Starter,500,2024-10-13,7
CUST_0474,Company_474,large,SaaS,Enterprise,10000,2023-11-03,28
CUST_0475,Company_475,medium,Finance,Enterprise,10000,2024-07-23,24
CUST_0476,Company_476,large,SaaS,Enterprise,10000,2023-12-14,29
CUST_0477,Company_477,small,SaaS,Starter,500,2023-12-30,7
CUST_0478,Company_478,medium,Other,Starter,500,2023-05-30,9
CUST_0479,Company_479,large,SaaS,Enterprise,10000,2024-03-07,29
CUST_0480,Company_480,medium,Finance,Professional,2500,2023-05-16,21
CUST_0481,Company_481,medium,Healthcare,Starter,500,2023-08-31,8
CUST_0482,Company_482,medium,Retail,Starter,500,2024-09-16,9
CUST_0483,Company_483,small,Healthcare,Starter,500,2023-06-01,8
CUST_0484,Company_484,medium,SaaS,Enterprise,10000,2023-02-21,29
CUST_0485,Company_485,medium,Finance,Professional,2500,2023-02-20,15
CUST_0486,Company_486,large,Healthcare,Starter,500,2024-11-17,10
CUST_0487,Company_487,small,SaaS,Starter,500,2024-01-06,7
CUST_0488,Company_488,small,Finance,Professional,2500,2023-10-26,12
CUST_0489,Company_489,large,SaaS,Professional,2500,2024-08-14,15
CUST_0490,Company_490,large,SaaS,Starter,500,2024-09-02,9
CUST_0491,Company_491,small,Finance,Professional,2500,2023-08-31,18
CUST_0492,Company_492,medium,SaaS,Enterprise,10000,2024-05-21,34
CUST_0493,Company_493,small,Healthcare,Starter,500,2024-07-16,12
CUST_0494,Company_494,small,Retail,Professional,2500,2024-04-22,24
CUST_0495,Company_495,small,Retail,Starter,500,2023-04-21,8
CUST_0496,Company_496,small,SaaS,Professional,2500,2024-10-01,19
CUST_0497,Company_497,medium,SaaS,Professional,2500,2024-01-29,22
CUST_0498,Company_498,small,SaaS,Professional,2500,2023-07-26,16
CUST_0499,Company_499,large,Healthcare,Professional,2500,2023-11-07,18
CUST_0500,Company_500,large,Retail,Starter,500,2023-01-28,12
CUST_0501,Company_501,medium,SaaS,Enterprise,10000,2023-04-04,32
CUST_0502,Company_502,medium,Other,Professional,2500,2024-07-12,14
CUST_0503,Company_503,small,SaaS,Starter,500,2023-01-01,8
CUST_0504,Company_504,medium,Healthcare,Professional,2500,2023-11-01,15
CUST_0505,Company_505,medium,Retail,Professional,2500,2024-01-17,16
CUST_0506,Company_506,small,Other,Starter,500,2023-02-09,7
CUST_0507,Company_507,large,Retail,Enterprise,10000,2024-12-11,24
CUST_0508,Company_508,medium,Retail,Enterprise,10000,2023-06-15,30
CUST_0509,Company_509,large,Finance,Starter,500,2023-08-11,6
CUST_0510,Company_510,medium,Retail,Enterprise,10000,2023-08-10,31
CUST_0511,Company_511,medium,SaaS,Starter,500,2023-06-18,12
CUST_0512,Company_512,small,Other,Starter,500,2023-01-02,12
CUST_0513,Company_513,large,Healthcare,Starter,500,2024-06-16,10
CUST_0514,Company_514,large,Retail,Enterprise,10000,2024-12-06,27
CUST_0515,Company_515,small,Finance,Professional,2500,2023-06-13,23
CUST_0516,Company_516,small,Healthcare,Starter,500,2024-04-29,12
CUST_0517,Company_517,small,Healthcare,Starter,500,2024-06-25,10
CUST_0518,Company_518,medium,Retail,Professional,2500,2024-09-11,18
CUST_0519,Company_519,large,SaaS,Starter,500,2023-11-05,9
CUST_0520,Company_520,small,SaaS,Enterprise,10000,2023-08-10,24
CUST_0521,Company_521,medium,SaaS,Professional,2500,2023-08-26,12
CUST_0522,Company_522,small,SaaS,Professional,2500,2024-06-04,21
CUST_0523,Company_523,large,Other,Enterprise,10000,2024-08-19,36
CUST_0524,Company_524,medium,SaaS,Starter,500,2023-05-13,8
CUST_0525,Company_525,medium,Other,Enterprise,10000,2023-09-28,34
CUST_0526,Company_526,small,Finance,Professional,2500,2024-10-20,13
CUST_0527,Company_527,small,SaaS,Professional,2500,2024-08-11,13
CUST_0528,Company_528,small,Retail,Starter,500,2024-12-19,12
CUST_0529,Company_529,small,Retail,Enterprise,10000,2024-07-04,35
CUST_0530,Company_530,large,Finance,Starter,500,2023-10-15,7
CUST_0531,Company_531,medium,Healthcare,Starter,500,2024-03-07,7
CUST_0532,Company_532,large,Retail,Starter,500,2024-04-27,8
CUST_0533,Company_533,large,SaaS,Professional,2500,2023-02-27,15
CUST_0534,Company_534,medium,Other,Professional,2500,2024-02-02,13
CUST_0535,Company_535,medium,Other,Professional,2500,2024-06-01,17
CUST_0536,Company_536,large,Retail,Enterprise,10000,2023-05-03,31
CUST_0537,Company_537,medium,SaaS,Starter,500,2024-07-23,7
CUST_0538,Company_538,small,Retail,Professional,2500,2024-03-02,15
CUST_0539,Company_539,small,SaaS,Starter,500,2024-11-26,12
CUST_0540,Company_540,small,SaaS,Enterprise,10000,2023-01-31,28
CUST_0541,Company_541,large,SaaS,Professional,2500,2023-07-13,15
CUST_0542,Company_542,medium,Finance,Professional,2500,2024-03-15,14
CUST_0543,Company_543,small,Other,Professional,2500,2023-08-05,16
CUST_0544,Company_544,medium,Retail,Starter,500,2024-06-05,11
CUST_0545,Company_545,medium,Retail,Starter,500,2024-07-08,6
CUST_0546,Company_546,small,Finance,Professional,2500,2023-03-16,19
CUST_0547,Company_547,small,Finance,Starter,500,2024-01-11,9
CUST_0548,Company_548,medium,Finance,Starter,500,2024-01-07,12
CUST_0549,Company_549,medium,Other,Starter,500,2023-09-27,8
CUST_0550,Company_550,medium,SaaS,Professional,2500,2024-11-12,19
CUST_0551,Company_551,medium,Other,Starter,500,2024-08-27,10
CUST_0552,Company_552,large,Healthcare,Starter,500,2024-05-23,11
CUST_0553,Company_553,medium,Finance,Professional,2500,2024-06-05,19
CUST_0554,Company_554,medium,Retail,Professional,2500,2023-12-04,23
CUST_0555,Company_555,large,Finance,Starter,500,2024-11-03,7
CUST_0556,Company_556,small,Other,Starter,500,2024-05-22,12
CUST_0557,Company_557,small,Other,Starter,500,2024-06-16,9
CUST_0558,Company_558,small,Finance,Starter,500,2024-09-21,6
CUST_0559,Company_559,medium,SaaS,Starter,500,2023-07-20,9
CUST_0560,Company_560,medium,Healthcare,Professional,2500,2024-08-12,24
CUST_0561,Company_561,medium,Other,Professional,2500,2023-05-23,24
CUST_0562,Company_562,small,SaaS,Professional,2500,2023-09-10,15
CUST_0563,Company_563,small,Healthcare,Starter,500,2023-09-02,10
CUST_0564,Company_564,small,Healthcare,Professional,2500,2024-12-15,21
CUST_0565,Company_565,small,Retail,Starter,500,2024-09-17,11
CUST_0566,Company_566,medium,SaaS,Enterprise,10000,2024-05-26,27
CUST_0567,Company_567,small,Retail,Professional,2500,2024-06-14,13
CUST_0568,Company_568,small,Other,Starter,500,2024-02-15,11
CUST_0569,Company_569,large,SaaS,Professional,2500,2024-11-22,19
CUST_0570,Company_570,small,SaaS,Starter,500,2023-12-29,12
CUST_0571,Company_571,medium,Other,Professional,2500,2023-10-05,19
CUST_0572,Company_572,medium,SaaS,Starter,500,2023-04-30,12
CUST_0573,Company_573,small,Other,Starter,500,2024-07-27,11
CUST_0574,Company_574,medium,Finance,Enterprise,10000,2024-06-20,25
CUST_0575,Company_575,large,SaaS,Starter,500,2023-10-08,12
CUST_0576,Company_576,large,Other,Professional,2500,2023-01-19,18
CUST_0577,Company_577,small,Finance,Starter,500,2024-09-04,8
CUST_0578,Company_578,large,Healthcare,Professional,2500,2023-01-09,23
CUST_0579,Company_579,small,Finance,Professional,2500,2024-05-28,16
CUST_0580,Company_580,small,Healthcare,Professional,2500,2024-12-09,17
CUST_0581,Company_581,small,SaaS,Starter,500,2023-11-16,7
CUST_0582,Company_582,large,Finance,Starter,500,2023-06-21,11
CUST_0583,Company_583,small,Other,Starter,500,2024-05-29,8
CUST_0584,Company_584,small,SaaS,Starter,500,2024-08-19,9
CUST_0585,Company_585,medium,Retail,Professional,2500,2024-02-03,23
CUST_0586,Company_586,small,Finance,Enterprise,10000,2024-12-06,30
CUST_0587,Company_587,small,Retail,Enterprise,10000,2023-02-07,24
CUST_0588,Company_588,small,SaaS,Professional,2500,2024-01-04,12
CUST_0589,Company_589,small,Other,Professional,2500,2024-06-08,18
CUST_0590,Company_590,small,Finance,Professional,2500,2024-09-21,21
CUST_0591,Company_591,small,SaaS,Starter,500,2023-05-11,6
CUST_0592,Company_592,medium,SaaS,Enterprise,10000,2024-08-07,30
CUST_0593,Company_593,small,SaaS,Professional,2500,2024-02-08,21
CUST_0594,Company_594,small,Healthcare,Professional,2500,2023-10-17,16
CUST_0595,Company_595,large,Finance,Starter,500,2023-04-07,7
CUST_0596,Company_596,small,Retail,Starter,500,2024-09-23,6
CUST_0597,Company_597,medium,Finance,Starter,500,2023-04-25,11
CUST_0598,Company_598,small,SaaS,Enterprise,10000,2023-08-15,36
CUST_0599,Company_599,small,Healthcare,Professional,2500,2023-07-31,20
CUST_0600,Company_600,small,Retail,Starter,500,2024-09-28,7
CUST_0601,Company_601,small,SaaS,Enterprise,10000,2024-05-06,26
CUST_0602,Company_602,small,SaaS,Starter,500,2024-08-04,9
CUST_0603,Company_603,small,SaaS,Starter,500,2023-07-02,6
CUST_0604,Company_604,small,Retail,Starter,500,2024-04-01,12
CUST_0605,Company_605,small,Retail,Professional,2500,2024-02-22,21
CUST_0606,Company_606,small,Finance,Enterprise,10000,2024-08-30,30
CUST_0607,Company_607,small,Retail,Starter,500,2024-10-23,12
CUST_0608,Company_608,small,Retail,Enterprise,10000,2023-01-09,36
CUST_0609,Company_609,medium,Healthcare,Starter,500,2024-05-07,6
CUST_0610,Company_610,medium,Other,Enterprise,10000,2023-02-07,32
CUST_0611,Company_611,small,SaaS,Professional,2500,2024-02-05,19
CUST_0612,Company_612,medium,SaaS,Professional,2500,2023-07-29,15
CUST_0613,Company_613,medium,SaaS,Starter,500,2023-08-12,7
CUST_0614,Company_614,small,SaaS,Enterprise,10000,2023-09-15,34
CUST_0615,Company_615,large,Healthcare,Professional,2500,2024-03-29,16
CUST_0616,Company_616,large,Other,Starter,500,2023-09-01,7
CUST_0617,Company_617,small,SaaS,Professional,2500,2024-06-18,24
CUST_0618,Company_618,small,SaaS,Starter,500,2023-10-23,6
CUST_0619,Company_619,medium,Finance,Enterprise,10000,2023-02-19,35
CUST_0620,Company_620,medium,Other,Starter,500,2024-07-26,9
CUST_0621,Company_621,small,Finance,Professional,2500,2023-07-28,17
CUST_0622,Company_622,small,Healthcare,Professional,2500,2023-11-12,14
CUST_0623,Company_623,small,SaaS,Starter,500,2024-05-15,9
CUST_0624,Company_624,small,SaaS,Starter,500,2023-08-31,12
CUST_0625,Company_625,medium,Other,Starter,500,2023-02-11,6
CUST_0626,Company_626,small,Other,Starter,500,2023-09-30,8
CUST_0627,Company_627,small,SaaS,Starter,500,2024-11-20,7
CUST_0628,Company_628,medium,Other,Professional,2500,2024-04-13,18
CUST_0629,Company_629,small,Healthcare,Starter,500,2024-05-05,12
CUST_0630,Company_630,small,Other,Starter,500,2024-04-06,9
CUST_0631,Company_631,medium,Finance,Professional,2500,2023-05-26,22
CUST_0632,Company_632,large,Healthcare,Starter,500,2023-11-02,6
CUST_0633,Company_633,medium,Finance,Enterprise,10000,2024-07-02,31
CUST_0634,Company_634,medium,Retail,Enterprise,10000,2023-03-16,36
CUST_0635,Company_635,small,SaaS,Professional,2500,2023-07-22,24
CUST_0636,Company_636,small,SaaS,Professional,2500,2023-07-21,12
CUST_0637,Company_637,medium,Finance,Enterprise,10000,2023-11-12,24
CUST_0638,Company_638,small,Retail,Starter,500,2024-12-16,10
CUST_0639,Company_639,small,SaaS,Starter,500,2023-02-19,11
CUST_0640,Company_640,small,Retail,Starter,500,2024-01-14,8
CUST_0641,Company_641,small,Other,Professional,2500,2023-05-11,24
CUST_0642,Company_642,small,SaaS,Starter,500,2024-12-09,6
CUST_0643,Company_643,small,Retail,Professional,2500,2023-03-24,23
CUST_0644,Company_644,small,Finance,Enterprise,10000,2023-10-22,33
CUST_0645,Company_645,small,Other,Enterprise,10000,2024-06-22,29
CUST_0646,Company_646,large,SaaS,Professional,2500,2024-05-29,15
CUST_0647,Company_647,medium,Retail,Starter,500,2023-11-05,9
CUST_0648,Company_648,medium,Retail,Professional,2500,2023-09-10,18
CUST_0649,Company_649,medium,Other,Professional,2500,2023-10-18,19
CUST_0650,Company_650,small,Retail,Starter,500,2023-07-12,6
CUST_0651,Company_651,small,Finance,Starter,500,2023-05-30,10
CUST_0652,Company_652,medium,Healthcare,Enterprise,10000,2023-12-19,34
CUST_0653,Company_653,medium,Other,Professional,2500,2023-07-16,17
CUST_0654,Company_654,medium,Healthcare,Professional,2500,2023-07-29,17
CUST_0655,Company_655,small,SaaS,Enterprise,10000,2024-04-24,31
CUST_0656,Company_656,small,Other,Professional,2500,2024-12-08,23
CUST_0657,Company_657,small,Retail,Professional,2500,2024-03-16,16
CUST_0658,Company_658,small,Retail,Starter,500,2023-02-26,11
CUST_0659,Company_659,medium,SaaS,Starter,500,2023-02-25,8
CUST_0660,Company_660,medium,Retail,Starter,500,2024-11-25,9
CUST_0661,Company_661,small,Finance,Professional,2500,2023-08-06,14
CUST_0662,Company_662,large,Retail,Professional,2500,2023-03-09,24
CUST_0663,Company_663,medium,SaaS,Enterprise,10000,2024-03-13,29
CUST_0664,Company_664,small,Retail,Starter,500,2024-03-31,7
CUST_0665,Company_665,small,Other,Professional,2500,2024-04-18,17
CUST_0666,Company_666,small,SaaS,Professional,2500,2023-07-15,24
CUST_0667,Company_667,small,Other,Professional,2500,2023-01-12,17
CUST_0668,Company_668,small,Finance,Professional,2500,2024-12-05,19
CUST_0669,Company_669,small,Other,Starter,500,2023-07-03,12
CUST_0670,Company_670,small,Retail,Professional,2500,2024-05-08,19
CUST_0671,Company_671,small,Healthcare,Starter,500,2024-05-30,11
CUST_0672,Company_672,large,Retail,Starter,500,2024-03-21,6
CUST_0673,Company_673,small,Other,Starter,500,2023-08-17,11
CUST_0674,Company_674,medium,Finance,Professional,2500,2023-07-17,14
CUST_0675,Company_675,small,Finance,Enterprise,10000,2024-03-12,33
CUST_0676,Company_676,large,Retail,Professional,2500,2024-09-24,14
CUST_0677,Company_677,small,Retail,Professional,2500,2024-11-22,22
CUST_0678,Company_678,small,Retail,Professional,2500,2023-03-19,23
CUST_0679,Company_679,large,Retail,Professional,2500,2023-04-24,12
CUST_0680,Company_680,large,Finance,Starter,500,2024-11-20,8
CUST_0681,Company_681,medium,Retail,Starter,500,2024-06-21,12
CUST_0682,Company_682,small,SaaS,Starter,500,2024-10-06,10
CUST_0683,Company_683,small,Healthcare,Starter,500,2023-05-28,12
CUST_0684,Company_684,medium,SaaS,Starter,500,2024-03-04,10
CUST_0685,Company_685,large,Finance,Starter,500,2024-05-26,11
CUST_0686,Company_686,medium,Finance,Starter,500,2024-05-11,9
CUST_0687,Company_687,medium,Finance,Enterprise,10000,2023-10-25,32
CUST_0688,Company_688,small,Retail,Starter,500,2023-01-12,12
CUST_0689,Company_689,medium,Finance,Starter,500,2024-03-01,6
CUST_0690,Company_690,small,Finance,Starter,500,2023-07-04,12
CUST_0691,Company_691,small,SaaS,Professional,2500,2023-11-25,16
CUST_0692,Company_692,small,Finance,Starter,500,2024-11-30,7
CUST_0693,Company_693,medium,SaaS,Starter,500,2023-10-19,9
CUST_0694,Company_694,small,SaaS,Professional,2500,2024-09-05,18
CUST_0695,Company_695,small,Healthcare,Starter,500,2023-05-18,12
CUST_0696,Company_696,medium,Retail,Starter,500,2024-05-05,11
CUST_0697,Company_697,small,Healthcare,Starter,500,2024-12-14,9
CUST_0698,Company_698,medium,Finance,Starter,500,2023-03-16,10
CUST_0699,Company_699,small,Finance,Starter,500,2023-01-07,10
CUST_0700,Company_700,small,Other,Starter,500,2023-11-13,12
CUST_0701,Company_701,medium,Healthcare,Professional,2500,2023-03-09,21
CUST_0702,Company_702,small,Finance,Professional,2500,2024-06-30,13
CUST_0703,Company_703,small,SaaS,Professional,2500,2024-10-29,12
CUST_0704,Company_704,small,Finance,Starter,500,2023-11-13,9
CUST_0705,Company_705,small,Finance,Enterprise,10000,2023-07-08,27
CUST_0706,Company_706,large,Finance,Starter,500,2023-11-14,10
CUST_0707,Company_707,small,Healthcare,Starter,500,2024-06-12,6
CUST_0708,Company_708,medium,Healthcare,Professional,2500,2023-01-07,17
CUST_0709,Company_709,small,Healthcare,Starter,500,2024-03-06,9
CUST_0710,Company_710,medium,Retail,Starter,500,2024-03-23,6
CUST_0711,Company_711,medium,Retail,Professional,2500,2024-04-10,12
CUST_0712,Company_712,medium,Retail,Enterprise,10000,2023-06-26,36
CUST_0713,Company_713,small,Other,Starter,500,2024-06-05,6
CUST_0714,Company_714,small,SaaS,Professional,2500,2023-03-08,19
CUST_0715,Company_715,small,SaaS,Enterprise,10000,2023-05-26,33
CUST_0716,Company_716,large,SaaS,Starter,500,2024-10-02,7
CUST_0717,Company_717,medium,Healthcare,Starter,500,2024-06-23,8
CUST_0718,Company_718,large,Other,Starter,500,2023-01-11,10
CUST_0719,Company_719,small,SaaS,Starter,500,2023-07-01,12
CUST_0720,Company_720,medium,Other,Starter,500,2023-06-06,11
CUST_0721,Company_721,large,SaaS,Enterprise,10000,2023-07-17,31
CUST_0722,Company_722,small,Other,Professional,2500,2023-06-30,19
CUST_0723,Company_723,small,Finance,Professional,2500,2023-02-15,22
CUST_0724,Company_724,medium,SaaS,Starter,500,2023-12-02,7
CUST_0725,Company_725,medium,Finance,Professional,2500,2024-06-18,22
CUST_0726,Company_726,medium,SaaS,Enterprise,10000,2024-03-18,36
CUST_0727,Company_727,small,SaaS,Professional,2500,2024-05-06,18
CUST_0728,Company_728,medium,Finance,Starter,500,2023-03-01,10
CUST_0729,Company_729,small,Retail,Professional,2500,2024-11-25,12
CUST_0730,Company_730,small,Healthcare,Starter,500,2024-09-04,9
CUST_0731,Company_731,small,Finance,Starter,500,2024-08-10,6
CUST_0732,Company_732,medium,Healthcare,Starter,500,2024-08-23,10
CUST_0733,Company_733,medium,Retail,Professional,2500,2024-11-11,18
CUST_0734,Company_734,medium,SaaS,Professional,2500,2024-02-02,13
CUST_0735,Company_735,small,Finance,Starter,500,2023-05-27,11
CUST_0736,Company_736,large,SaaS,Starter,500,2024-03-26,7
CUST_0737,Company_737,small,SaaS,Starter,500,2024-06-26,12
CUST_0738,Company_738,medium,Retail,Starter,500,2024-06-22,6
CUST_0739,Company_739,small,SaaS,Starter,500,2024-01-16,11
CUST_0740,Company_740,small,Healthcare,Starter,500,2023-02-19,12
CUST_0741,Company_741,small,Retail,Professional,2500,2023-09-28,24
CUST_0742,Company_742,small,SaaS,Starter,500,2024-11-03,7
CUST_0743,Company_743,medium,Healthcare,Starter,500,2024-03-02,10
CUST_0744,Company_744,medium,SaaS,Starter,500,2024-01-28,11
CUST_0745,Company_745,small,Other,Enterprise,10000,2023-07-16,25
CUST_0746,Company_746,large,Finance,Professional,2500,2023-09-26,24
CUST_0747,Company_747,small,Retail,Professional,2500,2024-10-15,22
CUST_0748,Company_748,medium,Healthcare,Starter,500,2024-05-01,10
CUST_0749,Company_749,large,SaaS,Professional,2500,2024-07-28,16
CUST_0750,Company_750,medium,Healthcare,Starter,500,2023-11-28,12
CUST_0751,Company_751,small,Other,Professional,2500,2024-04-05,12
CUST_0752,Company_752,large,Healthcare,Enterprise,10000,2023-07-01,31
CUST_0753,Company_753,medium,Retail,Professional,2500,2024-05-29,14
CUST_0754,Company_754,small,Other,Enterprise,10000,2023-11-09,27
CUST_0755,Company_755,small,SaaS,Professional,2500,2023-11-20,20
CUST_0756,Company_756,medium,SaaS,Starter,500,2024-04-19,9
CUST_0757,Company_757,medium,Healthcare,Enterprise,10000,2024-11-14,33
CUST_0758,Company_758,medium,Finance,Starter,500,2023-02-16,9
CUST_0759,Company_759,large,Retail,Professional,2500,2024-08-25,16
CUST_0760,Company_760,medium,Other,Starter,500,2023-08-02,12
CUST_0761,Company_761,small,Finance,Starter,500,2023-11-21,9
CUST_0762,Company_762,small,SaaS,Starter,500,2023-01-16,11
CUST_0763,Company_763,small,Retail,Starter,500,2023-08-08,6
CUST_0764,Company_764,medium,SaaS,Starter,500,2024-01-02,6
CUST_0765,Company_765,small,Retail,Professional,2500,2023-02-11,15
CUST_0766,Company_766,medium,Finance,Starter,500,2023-12-25,6
CUST_0767,Company_767,medium,Retail,Starter,500,2024-11-07,11
CUST_0768,Company_768,large,SaaS,Professional,2500,2023-03-18,12
CUST_0769,Company_769,small,Healthcare,Starter,500,2024-07-12,9
CUST_0770,Company_770,medium,Finance,Professional,2500,2023-10-27,14
CUST_0771,Company_771,small,Healthcare,Professional,2500,2024-04-23,22
CUST_0772,Company_772,medium,SaaS,Professional,2500,2023-07-09,13
CUST_0773,Company_773,small,Retail,Professional,2500,2023-04-27,20
CUST_0774,Company_774,small,Other,Starter,500,2023-04-28,12
CUST_0775,Company_775,medium,SaaS,Professional,2500,2023-02-21,23
CUST_0776,Company_776,small,SaaS,Starter,500,2023-05-16,6
CUST_0777,Company_777,small,SaaS,Starter,500,2024-04-29,10
CUST_0778,Company_778,medium,Healthcare,Professional,2500,2024-10-05,20
CUST_0779,Company_779,medium,Healthcare,Starter,500,2024-08-17,6
CUST_0780,Company_780,medium,Healthcare,Professional,2500,2024-05-15,19
CUST_0781,Company_781,medium,SaaS,Professional,2500,2023-03-22,19
CUST_0782,Company_782,medium,Finance,Enterprise,10000,2023-07-31,34
CUST_0783,Company_783,small,Healthcare,Enterprise,10000,2023-08-15,35
CUST_0784,Company_784,small,Finance,Starter,500,2023-07-02,6
CUST_0785,Company_785,small,Other,Starter,500,2024-01-11,8
CUST_0786,Company_786,large,SaaS,Professional,2500,2024-01-26,19
CUST_0787,Company_787,medium,Retail,Starter,500,2023-09-18,7
CUST_0788,Company_788,small,Finance,Professional,2500,2023-09-16,14
CUST_0789,Company_789,small,Finance,Professional,2500,2024-08-27,22
CUST_0790,Company_790,large,Retail,Professional,2500,2024-07-30,18
CUST_0791,Company_791,small,Retail,Starter,500,2023-08-13,8
CUST_0792,Company_792,medium,Other,Starter,500,2024-10-29,12
CUST_0793,Company_793,medium,SaaS,Starter,500,2024-11-26,6
CUST_0794,Company_794,medium,SaaS,Starter,500,2023-08-27,6
CUST_0795,Company_795,small,Retail,Enterprise,10000,2023-09-16,33
CUST_0796,Company_796,large,Healthcare,Starter,500,2024-01-05,10
CUST_0797,Company_797,large,SaaS,Starter,500,2024-11-18,10
CUST_0798,Company_798,medium,SaaS,Starter,500,2024-10-01,10
CUST_0799,Company_799,medium,SaaS,Professional,2500,2023-03-16,19
CUST_0800,Company_800,large,Other,Professional,2500,2023-10-14,18
